,postalcode_in_state,uri,name,boolean,state_abbr,md5,isbn10,first_name_female,pystr
0,35162,https://www.carr.com/,Bobby Sanchez,False,OR,6e266d7c16ff782fbb5b95da3562c014,1-936779-90-0,Molly,ifiHuTaGzPxJKQEBaELY
1,20040,https://johnson.com/register.asp,Randy Harper,True,WA,403b8964d1f7096eab0a94f23ee08e3d,0-237-02042-4,Heather,RFAGpvxabmglVtCgxSvN
2,68032,http://www.gallagher.net/search.html,Robin Frazier,True,WA,86958defeea165094fccee8e314306e8,1-02-715215-5,Cynthia,bVAcrsnIdobSXsYwCpqI
3,63891,https://hayes.com/category/tags/index.html,Jessica Flores,False,NJ,e97eb0d8b942f21d53a34afa8daf0ddc,0-9878767-7-5,Ashley,CVbGYtctCpWxFcIRCoIG
4,08174,https://mason.com/,George Lyons,True,MS,9209227830ad28e6e8fb34a5405de34c,0-585-73113-6,Chelsea,xlXRrTSNPEuDNcjDEKrX
5,30362,https://sanchez.biz/tag/main/faq/,Robert Whitaker,True,WV,3a66d5152c44100431246babd666c07b,1-877393-38-X,Rachel,lMABWvddjueaqMvsLAwV
6,03256,https://hall.com/homepage/,Michael Mcdonald,True,RI,e1b03205609014de98921f3c90c0670f,1-936345-84-6,Amy,cbnfGlUVkNUJlcsnRPJz
7,85894,http://www.barnett.org/,Daniel Dixon,True,RI,1c7e76e2bd55545f67438eadd4df6d81,1-368-44805-4,Julie,hSLslKfhTDzRKWCEUWwS
8,87200,http://diaz-mcguire.biz/explore/main/tag/login/,Vincent Gaines,True,IA,949c2fdc435b9b704c3717fef99514d9,1-86429-899-5,Melanie,YPwlnjkphSfAFzPpUNmA
9,25664,http://www.miller-peters.org/,Vanessa Sanchez,False,WA,488408776d685822d17572f3115f587c,0-411-51914-X,Leslie,nmfBQdrCPokURpNHBEwx
10,29338,https://gray.net/register/,Donald Collins,False,VT,931f0c2e1bad12968cf18eeacb112f18,1-5053-6302-0,Krystal,NCbYmSFMZQVPKPTjrXUy
11,20040,http://reynolds-beck.com/tag/explore/author/,Tina Blevins,True,MO,a6aa06994ea7e10d150c4a166646344f,0-10-645088-3,Ashlee,ksbZHnGwStpDrZQhBpzJ
12,63214,https://www.peters-gay.com/faq.jsp,Ashley Mendoza,False,OH,006a65a1e03d40957574ff84534f3199,0-665-50901-4,Dawn,ncYwedZWYBBFIjZWjNTL
13,63916,http://johns-garcia.org/wp-content/categories/app/about.html,Angela Chang,True,WA,1d1bef28b10dd289a45c1104436dbb74,0-9659107-4-1,Amy,GVNHLzUbjYJGhYSNpgGZ
14,73301,http://garza.biz/,Brian Larson,False,ND,f68a6d53c888ec145a4149271c9f59db,1-08-925208-0,Patricia,FpJssQUESdIxBlJIzxgA
15,85176,http://kelley.org/explore/category/register/,Joshua Avila,False,WY,df92d7ed4401d6ae2836b534061ab9db,1-320-37932-X,Jo,fakiyXFhMTKRhtbNOBqo
16,88249,https://thomas.com/main/blog/search/register.htm,Faith Yates,True,MT,b6ebbbfb1f0aea8d6cd44382c1b0951f,1-57319-708-4,Danielle,GCdXKfxEiSmzfTSqzNVi
17,20041,https://www.nielsen.info/tags/index.php,Rachel Edwards,True,WV,fd68d661b3fa08124d5444bb639d0a81,1-159-04843-6,Amber,cnlDidjRSOrjpXFrRRfn
18,31395,https://carson.com/about.htm,Erin Chavez,False,GA,e4b45ec0e3750decaeb528c9528588a0,0-695-59318-8,Kristina,XlBnLHgFqTdpsFdBSxEW
19,29187,https://clarke.com/homepage/,Alexander Lloyd,True,AL,60ef11fdb76d4ad9f708dab42b85a149,0-13-609377-9,Jessica,tbIJQvUHIFIOXYRHDuGK
20,04779,http://www.duncan.com/categories/app/blog/about.asp,Maria Macdonald,True,GA,6d2d7a1d419b83bc2722c7c093f60d7e,0-284-75357-2,Evelyn,DjBJkjyVmXsZwLaqtrGq
21,02712,http://cunningham-sullivan.com/,Kristen Sanders,True,ND,fe19927cba17184164b257045f226618,1-75578-298-5,Lori,JMSieFilpecXPIejrKIL
22,84267,http://contreras-phillips.com/,Gregory Mckinney,False,AK,6f68e0d22a1cb48991f76860383b1502,1-926277-85-6,Miranda,VVxlzjvEfcbRiHwdzROV
23,54545,https://branch.com/about/,Timothy Nelson,True,MO,4dbff3a0c21d8398df623bc7e50c5219,1-75394-986-6,Mindy,TUqMTyBPgziIsfvrAZKu
24,20041,https://coleman.biz/posts/wp-content/search/,Rachael Jones,False,TN,34701fe515fec5b299fb3464bd4be19c,0-13-744001-4,Laura,dEYSZdsOrkbvSqokPQiH
25,29440,http://www.randolph-shelton.com/,Adriana Riley,False,DE,8df134ee657d5f13099c5f0d01ed35c0,1-269-06378-2,Elizabeth,fbcwEzdecXowffjsTYvE
26,27041,https://hayden-montes.com/category/app/blog/register/,Donna Hurst,False,WY,01dca5c7180bf4847a263c9962c97f2b,0-592-71436-5,Tara,OHcnMASdHynMYVwVCLvs
27,89584,https://www.thompson.org/,Elizabeth Mendez,True,TX,99a7da3ef2179895cc851bed3c4aa18d,0-14-224310-8,Erika,ngIqKxAAuZVTfyGVyViE
28,20003,http://jenkins.com/tags/categories/explore/index/,Jason Phelps,False,TN,d3543320747a8b62c3390abe9d9841ea,0-480-18914-5,Mariah,AzFUkYmUdUnjqydBJHSx
29,20038,http://york.com/main/main/explore/home.jsp,Jesse Adams,False,SD,fe4da85ae32caafa3488064349e68708,0-01-313628-3,Joanne,JeQWfkndMVzVdXNkwYSC
30,66265,http://www.elliott.com/main/tags/app/login/,Jessica Watkins,True,MI,04b081d2590b8a5e12e26789d2645a07,0-475-25071-0,Hannah,xgbymRHtHzkHlkYFWqRo
31,42352,http://werner.net/category/,Ronald Williams,False,NC,00a589fbd66942514b4cbcc999a47c29,0-459-76523-X,Kathleen,YzKndpfAEjQokntpwJzX
32,96712,https://spears-benson.net/tags/main/terms/,Shane Thomas,True,SD,8a9017096463af2d4400ceebdc178bc5,0-477-88487-3,Erica,nSEfoGKelkxZEVAMrlsp
33,87250,http://www.wilson-gonzalez.com/post/,Morgan Davis,False,DC,810fa6a376c5cb60707d469a5ec139b1,1-65386-147-9,Valerie,WzvBETnibllIUDmAQkdn
34,55453,http://www.stewart.com/register.htm,Abigail Kane,False,VA,3898841da0cf64e6bd7081c942ee4222,1-341-25805-X,Andrea,jnukuwXDCjNBTMpCwTAp
35,32861,https://www.long.com/,Joshua Sanchez,False,SC,1bdd54740802965490f9cfadd25e6397,0-446-31852-3,Julie,GiBeaCLmSCoXbuWsMJTZ
36,03212,http://www.barrett.com/tag/list/categories/main.html,Charles Maddox,True,VA,71b5852d6fa7ee9ccf7aa6ea5041f110,1-4367-4398-2,Rachel,dyJfuXUrMZehnHqSQUox
37,03842,https://shaw-torres.com/tags/index/,Stacy Rogers,False,TX,5a8c108e3542395494a9fe90795d1029,1-66081-422-7,Mercedes,hbMVCAoiwOTXQJqtsVpf
38,02908,http://www.kim.com/main/app/privacy.jsp,Linda Greer,False,PA,cf8d0847a7a27adff6f524b119730188,1-327-34303-7,Elizabeth,zvLuVpBFfABXgSTRbYeQ
39,46539,http://www.parker-carter.net/privacy/,Christine May,True,NE,091cf5d34bc01b65ac0ca290a1c85ac6,1-72473-629-9,Danielle,ivmfEUvlTNBDWPkuQAiM
40,57311,https://www.rivera-murray.com/login/,Michael Collins,True,MS,5afa88824a702eabf8b46687d58b000f,1-85734-585-1,Linda,QvIytVfMmozSmuHRGiKt
41,20331,https://diaz.com/explore/post.html,Martin Schneider,True,NE,d8f52770fa15ec7dbfec2b6ecb272937,0-578-99829-7,Charlotte,NfPErMWyxzzcwgBArCOl
42,82857,http://cruz.info/list/category/about.php,Shane Coffey,True,OK,560b507c2fdc0143683302309368a604,1-65875-396-8,Alice,DQhwpZaJjZfSaWoObVxZ
43,83294,http://www.barrera.com/tag/app/faq.htm,Michael Meyer,True,WI,db94c66c8e3ec1da59707f478ace12aa,1-5470-6855-8,Nancy,sQvvJzLiWAkNIrgAhZwQ
44,58662,http://wright-roth.net/search/main/search/login/,Amy Brown,True,AL,6366e3db0e3028c1f87db4519cea43a3,1-139-66219-8,Nicole,YjwLFPsAepfMKNPXaKJE
45,57557,http://mcdonald.biz/,Susan Edwards,False,IA,d4547151895ad2514d656efc245ac935,0-04-841186-8,Ashley,WMAyEqeGzWosBNHFeujK
46,82658,https://www.padilla-barton.com/wp-content/tags/explore/register.php,Gabrielle Foster,False,AK,542784cc326bfb391c947620eb316fbf,0-16-685260-0,Sarah,ZdZtdYMBQWEwKLRAdZfx
47,24712,http://romero.com/,Kathryn Schwartz,False,MN,1f8e4dce375a21fb2b375a051ba0b9a4,1-151-15726-0,Marissa,dgFNBilGzSsKrmcIxSdM
48,62915,http://stewart.com/about.html,Alyssa Jackson,False,ID,c10aebfe75a4f00164ba7db7074bfee9,0-676-09323-X,Melissa,RCEZqzDZhhALAcFfVYfz
49,02806,https://www.santos-jones.org/app/homepage.php,Jamie Singleton,True,HI,166dc294207307bdd4e613946d5befc8,1-936895-74-9,Kristen,oVlJAoYumYmuBfwkKBVR
50,07582,http://thomas.biz/,Patricia Murray,False,MD,c7ca689a743a5cf372ab1ad20bb7040e,1-04-814795-9,Colleen,PxNaoayctAKPvRaiDMnZ
51,02910,https://www.alvarez.com/posts/post.htm,Daniel Fuentes,True,WY,dfc5a9b2e72fecf0c0529e105d6a4fc2,0-86722-138-0,Samantha,MZfhomVQwbVTIFUxRkty
52,20331,https://crosby.com/wp-content/blog/terms/,Kenneth Smith,False,MS,502d8687e779a312350b7d4dfdc36717,1-03-992413-1,Dana,LGPpjmNLCrxKXtmPxFKC
53,57749,https://mueller-hernandez.com/blog/category/category/faq.htm,Christina Peck,False,SC,1183950f193aef1d0e2fb8e4cf990ae1,0-85950-610-X,Kathleen,DSZFiUCJomFixkQwmvQr
54,87573,https://saunders-wade.biz/category/tags/index.html,Kristen Woods,False,NM,ffad58d18aa5ae8fe49d26ea509484e1,1-283-89859-4,Heather,NUbJTPIwXrKrScyNkezt
55,02812,http://hall.com/main.html,Jonathan Fritz,False,TX,570fed07181c41af6269db4d95c80040,1-7357210-5-0,Yvette,nbKwFDxIyfkEkjtsFQRu
56,99817,https://johnson.com/,Amy Frazier,True,NE,73b347afa0deb32fa703c7d30f259f79,1-279-27343-7,Alison,EHrAilufBqyMaRJjtwIR
57,73124,https://www.munoz.org/author.html,Kaitlyn Anderson,False,NY,bc04c0c3dd25a9e2bcc18ae472ee69c5,1-4853-8740-X,Nicole,pcHrrBQJSbsoAPUdQIyX
58,11043,https://sharp-long.biz/tags/tags/about/,Thomas Parker,True,MO,59628079c68454edc2a1a760f062693a,0-569-70837-0,Valerie,dCGaZsbLWjWXJbEDitxc
59,83518,https://www.burch.com/category/search/,Kaitlyn Bell,False,OK,b6c7833787fe4aa03c094d9174695267,1-06-219823-9,Robin,EMztcShevEjDFiJwNaSM
60,51237,http://www.jenkins-gross.com/search.html,Kimberly Morgan,True,ME,81c46c1911a13c5ac1a8a499b750909f,0-06-708600-4,Mary,KnFNrDSRsFNHQwokzYZR
61,03506,http://www.campbell-baker.com/,Ashley Green,True,HI,32198bc4157c9571ce2235a8044b21f4,0-14-941413-7,Angela,sBubgiixJAoYMzqNQMNx
62,60632,http://www.phillips.info/,Wayne Collins,False,KY,b9559f3e6e885476a8a24800b4cb4ea4,1-111-76059-4,Monica,eXdbxdCAeuEtjHTNoGmO
63,97049,https://robbins.com/main.jsp,Robert Salazar,True,GA,59119b4bf88d371b59e25049bb44e246,0-7064-1633-3,Angela,fFleuuXCSCVssZlsMPit
64,97348,https://wood-thompson.com/faq/,Steven Hartman,True,WI,197087dc62508643bb3d64ef4324e8a4,0-9582029-1-5,Kayla,MfZDoaJjYiBwmqxDhYdj
65,82422,https://fuller-valenzuela.info/category.php,Brian Curry,True,AZ,2aa609eb1323450884b398cad8564138,1-4547-4874-5,Lorraine,KKSTIILjDlSVLfwxHKHI
66,29812,https://www.giles-owens.com/register.asp,Eric Rush,False,ND,8ff4756743ea123795208f3b98a10b3c,1-4615-3670-7,Emily,qzuKcdVLxpUOdPaNJPQl
67,87537,http://www.elliott.com/category/faq/,Lisa Anderson,True,TX,0c2110f0ac898f560470c1dad1d608de,1-878657-07-0,Kerri,tStwipXMEgLUFvhRzIbf
68,16736,http://www.blackwell.org/category/,Emily Reed,False,OR,f6d287b682bc6b70f53288ef93ea3c9b,1-998215-23-7,Jaime,VCSKyWxuKJHIHpoyOzIb
69,39069,http://www.tran-thompson.biz/about.html,Kayla Hayes,True,MN,be6d31e88b4472a76e55a972e229844a,0-13-033592-4,Patricia,iTfOigloyUXunnobxNfk
70,89656,https://becker-cox.com/search/main/category/faq/,Philip Wright,False,OR,7f5b4fdbd0a4d4e1c78d217707f07e2f,0-01-570648-6,Patricia,GLjZUFXsppDMJAlGgcli
71,96891,http://chavez.com/post.html,Anthony Cobb,True,IA,8f5ea7362e9b366c8daee77f2210487e,0-671-93909-2,Vanessa,SqhHQvDisRCaWBWTakAA
72,03716,https://valdez.com/app/list/author/,Jessica Sims,False,NM,54d7b4438fe33b6a159d8689c21256a6,0-272-33819-2,Nicole,ANNIWjZIZqXnPJXeBoKt
73,91171,http://sandoval.com/,Paul Mathews,False,ND,41155b6bca7ad12f0595c3c33b187ca4,0-916371-13-1,Christine,CxETUJzAZCCmYAXivQYF
74,73301,http://www.floyd.biz/privacy/,Angela Wolfe,True,CO,690d438188e0567c749b65f2cbc58f16,0-11-761366-5,Kristi,RxUNxqlLiNPmxNtBwlyJ
75,31229,http://www.gray-jones.com/app/tag/category.htm,Matthew Lewis,False,VA,4053baa13f9e044f293bb3c06a68d95d,1-65341-970-9,Mary,JUMqxBUlyGxwPoQydFsA
76,57149,https://alvarez.com/about/,Michelle Hoover,True,AZ,7465bfbdc01f3f4247a665f4e860633b,0-09-865799-2,Linda,lUYkmLxmIleeRCUdHIgH
77,54953,http://www.smith.com/category.php,James Clark,False,NM,c6c61fdea9cc90c07b03aa11ee62bdb9,1-4530-7119-9,Jessica,hxhaXOmIRrTgCKLlcMZh
78,55603,https://day.info/terms.html,Bruce Jones,True,ID,e8206df4d5a9932015e3227ed084e049,0-01-765938-8,Ashley,vIOMjNlJlgZCbIsSweQO
79,48296,http://howell-higgins.com/home.php,Kimberly Ramirez,True,NE,e1ab38aecdd6e1e9d98ac7ee4ec89b3b,1-259-74142-7,Patricia,BWViskCJJbCYNfUFyRYu
80,19337,http://www.warren-williams.com/,Laurie Miller,False,ND,d69260f93abdd13f8f50d586a45b8858,0-9673393-5-9,Julie,EUTYdqziOrWLoysXnJKw
81,19786,http://townsend-mckinney.com/main/category/tag/privacy.htm,Jim Brady,True,GA,0966de42fb576af341ebfe0733a2a10e,0-607-17626-1,Alexandra,BNSEatulzwudXbpOffmr
82,51735,https://valdez-leach.info/tag/explore/index.html,Michael Smith,True,SD,28cf7632af5f2c41a4ff6fcba22e0082,0-7818-5032-0,Michelle,EaUjxlgfHyGaLWZqjMaR
83,33210,https://dudley.com/main.htm,Ronald Gonzalez,True,NY,4df3efcf99c687bef6dd3a5981f53340,1-121-38135-9,Amber,hwmWxlGHxNHMXXhPXhrl
84,32681,http://www.weeks.info/posts/main/homepage.php,Jennifer Harris,True,DE,2c0936fed508b88258804fbb318f7d29,0-677-95389-5,Margaret,GsdoBZBGwEgHalSVLloM
85,95973,http://www.colon.net/app/about.asp,Suzanne Henry,True,WY,8c555ce8584d946f132e4d375b89e636,0-03-178163-2,Elizabeth,ZJlmCiEwDXGoFWcAByAi
86,20331,http://www.kelley-owen.biz/wp-content/privacy.asp,Mrs. Sara Mendoza,False,NY,23f4b6e4f6546e9f80ba3aa3de1e2c79,0-7923-7644-7,Amy,FfHVhvKSUsUPtJcHWeIe
87,18815,http://zavala-howard.biz/about.html,Jessica Ross,False,ID,bac1359aa796e88c0a73df69bd2b3c54,1-113-96992-X,Tracy,ugMHJWXczSgAiYWwzKts
88,97299,http://www.lozano.com/search/,Robert Butler,True,KY,715b25f729909d0447dead934523d433,0-7782-8656-8,Sarah,JEHcBJxxpOMEwAnqfIvG
89,62672,https://dorsey.org/,Charles Haynes,False,DC,615d46fb98f79598a406f9c40053eb8b,1-66359-926-2,Melissa,vwXFhJHXGckcBDSPuMxY
90,59690,http://martin.info/explore/privacy.htm,Joshua Johnson,True,CT,9823b4fa8af8b38ceae82bcbe354d5da,1-65407-923-5,Cassandra,nRaJmfXxNdzkJvvFasvM
91,73301,http://barnett.com/login.htm,Johnathan Nguyen,False,MS,9ec56c0288ba01a6006e90644145c979,1-237-25962-2,Holly,GgVvAOqStKvEIUkgIntD
92,36793,http://russell.com/category.html,Eric Foster,True,NH,3a55296e75c8eb3e64538ce974331c65,1-56286-723-7,Erica,ZsRCjXvRGBAfEPdPAlaj
93,29046,http://boyd-smith.com/categories/post/,Tyler Smith,False,NM,759925170c44ceb4f38726bc1f969d4c,1-86861-116-7,Amber,DdniTrlGPBAelhhlYWYl
94,30597,http://contreras-thomas.net/search.html,Joyce Taylor,True,FL,928f359344a2863773a8b80b41329f87,1-5103-3714-8,Patricia,nWspTmgwwnCpLsckMdep
