,state,random_lowercase_letter,bothify,pystr,safari,month_name,paragraph,safe_email,postalcode_in_state,uri,name,boolean,state_abbr,md5,isbn10,first_name_female
0,Pennsylvania,m,53 Kn,EHrAilufBqyMaRJjtwIR,"Mozilla/5.0 (Macintosh; PPC Mac OS X 10_11_0 rv:2.0; lo-LA) AppleWebKit/535.13.7 (KHTML, like Gecko) Version/5.1 Safari/535.13.7",January,Beat its gas other positive peace. Even fine grow edge pick bit soon. Hospital television with.,santosgeoffrey@example.com,99817,https://johnson.com/,Amy Frazier,True,NE,73b347afa0deb32fa703c7d30f259f79,1-279-27343-7,Alison
1,Iowa,o,75 bq,QvIytVfMmozSmuHRGiKt,"Mozilla/5.0 (Windows; U; Windows 98; Win 9x 4.90) AppleWebKit/535.22.1 (KHTML, like Gecko) Version/5.0 Safari/535.22.1",April,Write ok power quality exist provide organization. Carry organization stop nearly or option risk. Mother as country wear.,wadepaula@example.net,57311,https://www.rivera-murray.com/login/,Michael Collins,True,MS,5afa88824a702eabf8b46687d58b000f,1-85734-585-1,Linda
2,North Carolina,h,61 uX,GsdoBZBGwEgHalSVLloM,"Mozilla/5.0 (iPod; U; CPU iPhone OS 4_3 like Mac OS X; da-DK) AppleWebKit/535.13.4 (KHTML, like Gecko) Version/3.0.5 Mobile/8B119 Safari/6535.13.4",June,People you put president power. Structure become success similar also significant.,rosariomartin@example.org,32681,http://www.weeks.info/posts/main/homepage.php,Jennifer Harris,True,DE,2c0936fed508b88258804fbb318f7d29,0-677-95389-5,Margaret
3,Oklahoma,b,66 ST,DQhwpZaJjZfSaWoObVxZ,"Mozilla/5.0 (Windows; U; Windows 95) AppleWebKit/532.32.2 (KHTML, like Gecko) Version/4.0.1 Safari/532.32.2",March,Ask success box last. Former reach finally management company effect. Range research fish. Recently whole road type support job.,mfitzpatrick@example.net,82857,http://cruz.info/list/category/about.php,Shane Coffey,True,OK,560b507c2fdc0143683302309368a604,1-65875-396-8,Alice
4,Massachusetts,l,36 fC,YjwLFPsAepfMKNPXaKJE,"Mozilla/5.0 (Macintosh; U; PPC Mac OS X 10_8_9 rv:4.0; yi-US) AppleWebKit/534.38.7 (KHTML, like Gecko) Version/4.0 Safari/534.38.7",August,Or answer successful seat us area resource. Institution financial stage better. Resource professor authority great artist east on up.,julieflores@example.com,58662,http://wright-roth.net/search/main/search/login/,Amy Brown,True,AL,6366e3db0e3028c1f87db4519cea43a3,1-139-66219-8,Nicole
5,Nebraska,y,89 tO,XlBnLHgFqTdpsFdBSxEW,"Mozilla/5.0 (iPod; U; CPU iPhone OS 3_0 like Mac OS X; th-TH) AppleWebKit/532.6.1 (KHTML, like Gecko) Version/3.0.5 Mobile/8B119 Safari/6532.6.1",January,Entire win standard grow new before toward. Stop treatment drive drug remember. Project management official.,levinegary@example.org,31395,https://carson.com/about.htm,Erin Chavez,False,GA,e4b45ec0e3750decaeb528c9528588a0,0-695-59318-8,Kristina
6,Texas,d,05 Nm,VVxlzjvEfcbRiHwdzROV,"Mozilla/5.0 (Macintosh; Intel Mac OS X 10_10_2 rv:6.0; mk-MK) AppleWebKit/534.19.2 (KHTML, like Gecko) Version/5.0.5 Safari/534.19.2",February,Try attack investment opportunity.,kimberlyhudson@example.net,84267,http://contreras-phillips.com/,Gregory Mckinney,False,AK,6f68e0d22a1cb48991f76860383b1502,1-926277-85-6,Miranda
7,Texas,w,59 zQ,ngIqKxAAuZVTfyGVyViE,"Mozilla/5.0 (Macintosh; Intel Mac OS X 10_11_4 rv:4.0; tig-ER) AppleWebKit/532.26.7 (KHTML, like Gecko) Version/5.0.1 Safari/532.26.7",February,Accept until investment. Light southern few.,timothybryant@example.net,89584,https://www.thompson.org/,Elizabeth Mendez,True,TX,99a7da3ef2179895cc851bed3c4aa18d,0-14-224310-8,Erika
8,Hawaii,f,13 xl,SqhHQvDisRCaWBWTakAA,"Mozilla/5.0 (Windows; U; Windows 95) AppleWebKit/531.46.5 (KHTML, like Gecko) Version/4.0.1 Safari/531.46.5",September,Civil fine Congress environment necessary American good sure. Job by see traditional research west. Hair add financial child street research along weight.,jacobmarshall@example.net,96891,http://chavez.com/post.html,Anthony Cobb,True,IA,8f5ea7362e9b366c8daee77f2210487e,0-671-93909-2,Vanessa
9,Maine,y,94 CV,nbKwFDxIyfkEkjtsFQRu,"Mozilla/5.0 (Macintosh; PPC Mac OS X 10_12_1 rv:4.0; ve-ZA) AppleWebKit/535.20.3 (KHTML, like Gecko) Version/4.1 Safari/535.20.3",August,Real health never write chance. West involve include rate sound remember performance.,robert91@example.org,02812,http://hall.com/main.html,Jonathan Fritz,False,TX,570fed07181c41af6269db4d95c80040,1-7357210-5-0,Yvette
10,New Mexico,d,17 od,KKSTIILjDlSVLfwxHKHI,"Mozilla/5.0 (iPod; U; CPU iPhone OS 3_3 like Mac OS X; gez-ET) AppleWebKit/531.12.4 (KHTML, like Gecko) Version/4.0.5 Mobile/8B115 Safari/6531.12.4",March,Company yeah business. Including investment design theory war leader.,kevingordon@example.org,82422,https://fuller-valenzuela.info/category.php,Brian Curry,True,AZ,2aa609eb1323450884b398cad8564138,1-4547-4874-5,Lorraine
11,New Mexico,s,17 Vx,DSZFiUCJomFixkQwmvQr,"Mozilla/5.0 (Macintosh; PPC Mac OS X 10_11_2 rv:2.0; bem-ZM) AppleWebKit/532.47.3 (KHTML, like Gecko) Version/4.0.5 Safari/532.47.3",January,This who change range. Card Republican expert law. Truth identify participant over. Technology course lead left daughter glass thought.,steven65@example.org,57749,https://mueller-hernandez.com/blog/category/category/faq.htm,Christina Peck,False,SC,1183950f193aef1d0e2fb8e4cf990ae1,0-85950-610-X,Kathleen
12,Maryland,z,83 hA,JEHcBJxxpOMEwAnqfIvG,"Mozilla/5.0 (Windows; U; Windows NT 4.0) AppleWebKit/534.49.4 (KHTML, like Gecko) Version/5.1 Safari/534.49.4",August,Ahead think food civil produce. Edge everybody own she there value federal drop. Win project heart cup agent each impact owner.,williamnelson@example.org,97299,http://www.lozano.com/search/,Robert Butler,True,KY,715b25f729909d0447dead934523d433,0-7782-8656-8,Sarah
13,Kansas,j,70 Mv,xlXRrTSNPEuDNcjDEKrX,"Mozilla/5.0 (Macintosh; U; Intel Mac OS X 10_11_0 rv:5.0; ur-IN) AppleWebKit/531.25.2 (KHTML, like Gecko) Version/4.0.4 Safari/531.25.2",July,Talk have collection peace probably. Team big big firm million along people past.,jeffreythompson@example.org,08174,https://mason.com/,George Lyons,True,MS,9209227830ad28e6e8fb34a5405de34c,0-585-73113-6,Chelsea
14,Delaware,f,11 Vr,zvLuVpBFfABXgSTRbYeQ,"Mozilla/5.0 (Macintosh; U; PPC Mac OS X 10_10_0 rv:5.0; mai-IN) AppleWebKit/532.22.1 (KHTML, like Gecko) Version/5.0 Safari/532.22.1",January,Response detail see Mrs life. Officer data nothing expert rock director. Power cup name teach common structure item.,annette53@example.net,02908,http://www.kim.com/main/app/privacy.jsp,Linda Greer,False,PA,cf8d0847a7a27adff6f524b119730188,1-327-34303-7,Elizabeth
15,Kansas,h,68 iz,ksbZHnGwStpDrZQhBpzJ,"Mozilla/5.0 (Windows; U; Windows NT 5.0) AppleWebKit/534.17.6 (KHTML, like Gecko) Version/5.0.5 Safari/534.17.6",March,Religious win fund lose. Central career issue project economy front how.,zlopez@example.net,20040,http://reynolds-beck.com/tag/explore/author/,Tina Blevins,True,MO,a6aa06994ea7e10d150c4a166646344f,0-10-645088-3,Ashlee
16,Wyoming,a,68 Rx,RFAGpvxabmglVtCgxSvN,"Mozilla/5.0 (Macintosh; PPC Mac OS X 10_5_6 rv:2.0; sl-SI) AppleWebKit/531.23.2 (KHTML, like Gecko) Version/4.0.5 Safari/531.23.2",April,Skill claim parent entire avoid office knowledge sign. Report their east any writer rock. Expert mean food able.,crystal06@example.com,20040,https://johnson.com/register.asp,Randy Harper,True,WA,403b8964d1f7096eab0a94f23ee08e3d,0-237-02042-4,Heather
17,New York,r,98 Qw,PxNaoayctAKPvRaiDMnZ,"Mozilla/5.0 (Windows; U; Windows NT 4.0) AppleWebKit/531.37.5 (KHTML, like Gecko) Version/4.0 Safari/531.37.5",January,Mind all like. Explain true whose other. Institution power majority what whom special.,bmichael@example.net,07582,http://thomas.biz/,Patricia Murray,False,MD,c7ca689a743a5cf372ab1ad20bb7040e,1-04-814795-9,Colleen
18,Utah,i,90 jT,CVbGYtctCpWxFcIRCoIG,"Mozilla/5.0 (Windows; U; Windows NT 6.2) AppleWebKit/532.13.4 (KHTML, like Gecko) Version/5.0.3 Safari/532.13.4",January,Involve some around always after field ability. Bank measure instead site amount be. Audience election son hear method arm body note.,fallen@example.org,63891,https://hayes.com/category/tags/index.html,Jessica Flores,False,NJ,e97eb0d8b942f21d53a34afa8daf0ddc,0-9878767-7-5,Ashley
19,Iowa,j,34 sV,BWViskCJJbCYNfUFyRYu,"Mozilla/5.0 (iPod; U; CPU iPhone OS 3_3 like Mac OS X; dv-MV) AppleWebKit/534.24.6 (KHTML, like Gecko) Version/3.0.5 Mobile/8B119 Safari/6534.24.6",July,Thousand recently yeah trouble head. Under at especially traditional common by. Notice soldier pull reach small hope.,nbryant@example.org,48296,http://howell-higgins.com/home.php,Kimberly Ramirez,True,NE,e1ab38aecdd6e1e9d98ac7ee4ec89b3b,1-259-74142-7,Patricia
20,California,x,80 VC,hbMVCAoiwOTXQJqtsVpf,"Mozilla/5.0 (iPod; U; CPU iPhone OS 4_0 like Mac OS X; szl-PL) AppleWebKit/534.37.6 (KHTML, like Gecko) Version/3.0.5 Mobile/8B118 Safari/6534.37.6",May,Choice clear way yes middle knowledge offer. Cost himself create century hit.,aliciamoran@example.com,03842,https://shaw-torres.com/tags/index/,Stacy Rogers,False,TX,5a8c108e3542395494a9fe90795d1029,1-66081-422-7,Mercedes
21,Wyoming,q,36 xL,WMAyEqeGzWosBNHFeujK,"Mozilla/5.0 (Macintosh; Intel Mac OS X 10_10_2 rv:5.0; ko-KR) AppleWebKit/531.34.4 (KHTML, like Gecko) Version/4.0.4 Safari/531.34.4",March,Item style when discussion. After source prevent material. Would card loss rule.,kimberlyfreeman@example.org,57557,http://mcdonald.biz/,Susan Edwards,False,IA,d4547151895ad2514d656efc245ac935,0-04-841186-8,Ashley
22,Maine,c,53 Os,fFleuuXCSCVssZlsMPit,"Mozilla/5.0 (Windows; U; Windows NT 6.2) AppleWebKit/534.17.3 (KHTML, like Gecko) Version/4.1 Safari/534.17.3",August,Collection measure unit follow. Billion right attorney power several.,jordan60@example.net,97049,https://robbins.com/main.jsp,Robert Salazar,True,GA,59119b4bf88d371b59e25049bb44e246,0-7064-1633-3,Angela
23,Alaska,j,59 zo,FfHVhvKSUsUPtJcHWeIe,"Mozilla/5.0 (Windows; U; Windows 98) AppleWebKit/533.46.5 (KHTML, like Gecko) Version/4.1 Safari/533.46.5",December,Player lot culture among though push. Debate already turn return enough peace show visit. Hotel same whatever herself article discussion.,kimberly68@example.net,20331,http://www.kelley-owen.biz/wp-content/privacy.asp,Mrs. Sara Mendoza,False,NY,23f4b6e4f6546e9f80ba3aa3de1e2c79,0-7923-7644-7,Amy
24,Vermont,j,14 dN,eXdbxdCAeuEtjHTNoGmO,"Mozilla/5.0 (Windows; U; Windows 98) AppleWebKit/533.2.4 (KHTML, like Gecko) Version/5.0 Safari/533.2.4",August,Maybe student mouth happy take must once. Raise agent hotel arm member. Child sea fight north tree.,lance47@example.org,60632,http://www.phillips.info/,Wayne Collins,False,KY,b9559f3e6e885476a8a24800b4cb4ea4,1-111-76059-4,Monica
25,Delaware,e,31 Av,hSLslKfhTDzRKWCEUWwS,"Mozilla/5.0 (Macintosh; U; PPC Mac OS X 10_12_6 rv:4.0; lv-LV) AppleWebKit/534.6.1 (KHTML, like Gecko) Version/5.0.4 Safari/534.6.1",June,I organization reason lawyer. Good body land side front understand their. War end effort responsibility lay drug.,martin80@example.com,85894,http://www.barnett.org/,Daniel Dixon,True,RI,1c7e76e2bd55545f67438eadd4df6d81,1-368-44805-4,Julie
26,Oregon,d,93 bx,dyJfuXUrMZehnHqSQUox,"Mozilla/5.0 (Windows; U; Windows NT 4.0) AppleWebKit/533.11.6 (KHTML, like Gecko) Version/5.0.3 Safari/533.11.6",June,Suffer administration every. Around garden out one growth.,waterscraig@example.com,03212,http://www.barrett.com/tag/list/categories/main.html,Charles Maddox,True,VA,71b5852d6fa7ee9ccf7aa6ea5041f110,1-4367-4398-2,Rachel
27,Indiana,a,56 Gs,xgbymRHtHzkHlkYFWqRo,"Mozilla/5.0 (iPod; U; CPU iPhone OS 3_0 like Mac OS X; so-ET) AppleWebKit/532.5.6 (KHTML, like Gecko) Version/3.0.5 Mobile/8B118 Safari/6532.5.6",November,Few young company time product good. Camera policy grow kid sort Mrs expect.,tim84@example.net,66265,http://www.elliott.com/main/tags/app/login/,Jessica Watkins,True,MI,04b081d2590b8a5e12e26789d2645a07,0-475-25071-0,Hannah
28,Mississippi,w,55 Cv,iTfOigloyUXunnobxNfk,"Mozilla/5.0 (iPod; U; CPU iPhone OS 4_0 like Mac OS X; bn-IN) AppleWebKit/535.6.7 (KHTML, like Gecko) Version/3.0.5 Mobile/8B115 Safari/6535.6.7",November,Thousand individual person whatever. Fight suddenly ready try big.,joshuapatel@example.org,39069,http://www.tran-thompson.biz/about.html,Kayla Hayes,True,MN,be6d31e88b4472a76e55a972e229844a,0-13-033592-4,Patricia
29,Connecticut,e,72 Qg,oVlJAoYumYmuBfwkKBVR,"Mozilla/5.0 (Windows; U; Windows NT 5.2) AppleWebKit/534.8.7 (KHTML, like Gecko) Version/5.1 Safari/534.8.7",July,Represent site audience move mission career direction. Expect sign never.,garrettjulia@example.com,02806,https://www.santos-jones.org/app/homepage.php,Jamie Singleton,True,HI,166dc294207307bdd4e613946d5befc8,1-936895-74-9,Kristen
30,Alaska,u,96 Km,KnFNrDSRsFNHQwokzYZR,"Mozilla/5.0 (iPod; U; CPU iPhone OS 3_0 like Mac OS X; hr-HR) AppleWebKit/534.19.1 (KHTML, like Gecko) Version/4.0.5 Mobile/8B118 Safari/6534.19.1",July,Daughter property put later.,holmeslogan@example.com,51237,http://www.jenkins-gross.com/search.html,Kimberly Morgan,True,ME,81c46c1911a13c5ac1a8a499b750909f,0-06-708600-4,Mary
31,South Carolina,i,73 YM,DjBJkjyVmXsZwLaqtrGq,"Mozilla/5.0 (Windows; U; Windows NT 6.0) AppleWebKit/533.27.3 (KHTML, like Gecko) Version/5.0 Safari/533.27.3",October,Sea government claim evening cut other available. Season indeed say before soon see threat. School international despite policy think pick hair. Every western central plant town your.,danielwright@example.com,04779,http://www.duncan.com/categories/app/blog/about.asp,Maria Macdonald,True,GA,6d2d7a1d419b83bc2722c7c093f60d7e,0-284-75357-2,Evelyn
32,Georgia,d,82 mt,sQvvJzLiWAkNIrgAhZwQ,"Mozilla/5.0 (Macintosh; PPC Mac OS X 10_10_9 rv:3.0; lv-LV) AppleWebKit/533.47.3 (KHTML, like Gecko) Version/5.0.3 Safari/533.47.3",February,Red maybe blue one stage Democrat small. Third respond material would building recently. Type itself eye three perform.,kimberlylucas@example.com,83294,http://www.barrera.com/tag/app/faq.htm,Michael Meyer,True,WI,db94c66c8e3ec1da59707f478ace12aa,1-5470-6855-8,Nancy
33,Idaho,q,91 As,JUMqxBUlyGxwPoQydFsA,"Mozilla/5.0 (Windows; U; Windows 95) AppleWebKit/531.44.2 (KHTML, like Gecko) Version/4.0.1 Safari/531.44.2",March,Over dream picture prove cost consumer might floor. Party turn accept later often again. Maintain budget study significant special.,james60@example.net,31229,http://www.gray-jones.com/app/tag/category.htm,Matthew Lewis,False,VA,4053baa13f9e044f293bb3c06a68d95d,1-65341-970-9,Mary
34,New Jersey,z,89 AR,fakiyXFhMTKRhtbNOBqo,"Mozilla/5.0 (Windows; U; Windows 95) AppleWebKit/535.36.7 (KHTML, like Gecko) Version/4.0 Safari/535.36.7",July,Minute contain over account prove play. Land option someone amount. Carry really body store education political need.,hblanchard@example.net,85176,http://kelley.org/explore/category/register/,Joshua Avila,False,WY,df92d7ed4401d6ae2836b534061ab9db,1-320-37932-X,Jo
35,Nebraska,f,93 cW,vIOMjNlJlgZCbIsSweQO,"Mozilla/5.0 (Macintosh; PPC Mac OS X 10_12_0 rv:4.0; mr-IN) AppleWebKit/535.46.7 (KHTML, like Gecko) Version/5.0.2 Safari/535.46.7",February,Figure determine why probably fact. Chance everything discuss court within.,stacyjohnson@example.org,55603,https://day.info/terms.html,Bruce Jones,True,ID,e8206df4d5a9932015e3227ed084e049,0-01-765938-8,Ashley
36,Alabama,q,20 oh,EaUjxlgfHyGaLWZqjMaR,"Mozilla/5.0 (Windows; U; Windows 95) AppleWebKit/531.45.4 (KHTML, like Gecko) Version/5.0 Safari/531.45.4",March,New ball avoid position yard fast. Call play couple cut small technology.,donaldhogan@example.com,51735,https://valdez-leach.info/tag/explore/index.html,Michael Smith,True,SD,28cf7632af5f2c41a4ff6fcba22e0082,0-7818-5032-0,Michelle
37,Texas,r,65 UI,CxETUJzAZCCmYAXivQYF,"Mozilla/5.0 (Macintosh; Intel Mac OS X 10_7_2 rv:2.0; es-HN) AppleWebKit/534.14.3 (KHTML, like Gecko) Version/4.0.4 Safari/534.14.3",May,Organization east ready or. Then direction parent themselves.,montesnicole@example.org,91171,http://sandoval.com/,Paul Mathews,False,ND,41155b6bca7ad12f0595c3c33b187ca4,0-916371-13-1,Christine
38,North Carolina,y,68 Hd,nSEfoGKelkxZEVAMrlsp,"Mozilla/5.0 (Macintosh; PPC Mac OS X 10_12_7 rv:6.0; ug-CN) AppleWebKit/531.35.3 (KHTML, like Gecko) Version/4.0 Safari/531.35.3",January,Factor yet wind animal carry. Middle space sense city. Age smile another.,mary89@example.org,96712,https://spears-benson.net/tags/main/terms/,Shane Thomas,True,SD,8a9017096463af2d4400ceebdc178bc5,0-477-88487-3,Erica
39,Montana,m,63 YQ,dgFNBilGzSsKrmcIxSdM,"Mozilla/5.0 (Macintosh; Intel Mac OS X 10_7_6 rv:3.0; ig-NG) AppleWebKit/531.38.5 (KHTML, like Gecko) Version/5.0.2 Safari/531.38.5",October,Sure easy reflect develop push save. Save imagine lawyer value Mr. Window instead store option.,moorerhonda@example.org,24712,http://romero.com/,Kathryn Schwartz,False,MN,1f8e4dce375a21fb2b375a051ba0b9a4,1-151-15726-0,Marissa
40,Iowa,e,09 Ml,ZdZtdYMBQWEwKLRAdZfx,"Mozilla/5.0 (Macintosh; PPC Mac OS X 10_11_5 rv:3.0; mai-IN) AppleWebKit/534.5.5 (KHTML, like Gecko) Version/4.1 Safari/534.5.5",November,Standard make down owner offer. Join adult option idea vote for candidate.,jeffrey65@example.org,82658,https://www.padilla-barton.com/wp-content/tags/explore/register.php,Gabrielle Foster,False,AK,542784cc326bfb391c947620eb316fbf,0-16-685260-0,Sarah
41,Oklahoma,k,33 oX,EUTYdqziOrWLoysXnJKw,"Mozilla/5.0 (Macintosh; PPC Mac OS X 10_9_8 rv:6.0; sw-KE) AppleWebKit/534.17.7 (KHTML, like Gecko) Version/5.0.2 Safari/534.17.7",December,Tree she long thing religious recently hard but. Commercial dog man floor.,scottashley@example.net,19337,http://www.warren-williams.com/,Laurie Miller,False,ND,d69260f93abdd13f8f50d586a45b8858,0-9673393-5-9,Julie
42,Idaho,m,81 VE,MfZDoaJjYiBwmqxDhYdj,"Mozilla/5.0 (Macintosh; U; PPC Mac OS X 10_8_5 rv:5.0; pa-IN) AppleWebKit/535.28.4 (KHTML, like Gecko) Version/4.0 Safari/535.28.4",January,Production hotel wide present your.,laura99@example.org,97348,https://wood-thompson.com/faq/,Steven Hartman,True,WI,197087dc62508643bb3d64ef4324e8a4,0-9582029-1-5,Kayla
43,Florida,p,54 CF,jnukuwXDCjNBTMpCwTAp,"Mozilla/5.0 (iPod; U; CPU iPhone OS 4_1 like Mac OS X; eu-ES) AppleWebKit/532.6.5 (KHTML, like Gecko) Version/3.0.5 Mobile/8B118 Safari/6532.6.5",March,Capital before early newspaper perhaps commercial. Listen seat deal third. Single politics reach control.,igray@example.org,55453,http://www.stewart.com/register.htm,Abigail Kane,False,VA,3898841da0cf64e6bd7081c942ee4222,1-341-25805-X,Andrea
44,West Virginia,j,50 rg,YPwlnjkphSfAFzPpUNmA,"Mozilla/5.0 (Macintosh; PPC Mac OS X 10_11_0 rv:3.0; mhr-RU) AppleWebKit/531.29.5 (KHTML, like Gecko) Version/4.0.2 Safari/531.29.5",June,Old coach space establish economy us. Before main serve. Eight reflect simply then seven.,wvalencia@example.com,87200,http://diaz-mcguire.biz/explore/main/tag/login/,Vincent Gaines,True,IA,949c2fdc435b9b704c3717fef99514d9,1-86429-899-5,Melanie
45,Nevada,a,14 fH,hwmWxlGHxNHMXXhPXhrl,"Mozilla/5.0 (Windows; U; Windows NT 5.1) AppleWebKit/532.26.5 (KHTML, like Gecko) Version/5.0.4 Safari/532.26.5",May,Everybody detail magazine majority.,aaronthomas@example.com,33210,https://dudley.com/main.htm,Ronald Gonzalez,True,NY,4df3efcf99c687bef6dd3a5981f53340,1-121-38135-9,Amber
46,Delaware,j,78 Tw,DdniTrlGPBAelhhlYWYl,"Mozilla/5.0 (Macintosh; U; Intel Mac OS X 10_12_7 rv:6.0; or-IN) AppleWebKit/533.32.4 (KHTML, like Gecko) Version/5.0.3 Safari/533.32.4",December,Visit ahead attention wonder. Then spring think over trip else.,changmary@example.net,29046,http://boyd-smith.com/categories/post/,Tyler Smith,False,NM,759925170c44ceb4f38726bc1f969d4c,1-86861-116-7,Amber
47,North Carolina,p,47 Xu,WzvBETnibllIUDmAQkdn,"Mozilla/5.0 (Windows; U; Windows NT 6.2) AppleWebKit/532.24.5 (KHTML, like Gecko) Version/5.1 Safari/532.24.5",July,Particularly difficult drug yes all alone smile. Traditional page scene knowledge street far employee value. Group continue wife provide produce city.,thart@example.org,87250,http://www.wilson-gonzalez.com/post/,Morgan Davis,False,DC,810fa6a376c5cb60707d469a5ec139b1,1-65386-147-9,Valerie
48,Delaware,o,03 qg,TUqMTyBPgziIsfvrAZKu,"Mozilla/5.0 (iPod; U; CPU iPhone OS 4_2 like Mac OS X; is-IS) AppleWebKit/535.29.2 (KHTML, like Gecko) Version/3.0.5 Mobile/8B119 Safari/6535.29.2",September,Attention work might. Security quality voice popular piece office.,wellsmark@example.net,54545,https://branch.com/about/,Timothy Nelson,True,MO,4dbff3a0c21d8398df623bc7e50c5219,1-75394-986-6,Mindy
49,Washington,s,21 zF,vwXFhJHXGckcBDSPuMxY,"Mozilla/5.0 (iPod; U; CPU iPhone OS 4_3 like Mac OS X; fi-FI) AppleWebKit/534.39.7 (KHTML, like Gecko) Version/3.0.5 Mobile/8B119 Safari/6534.39.7",June,Including main cold pay. Reason hospital sing history mean list.,david48@example.net,62672,https://dorsey.org/,Charles Haynes,False,DC,615d46fb98f79598a406f9c40053eb8b,1-66359-926-2,Melissa
50,Massachusetts,u,90 ji,ifiHuTaGzPxJKQEBaELY,"Mozilla/5.0 (iPod; U; CPU iPhone OS 4_1 like Mac OS X; ur-IN) AppleWebKit/533.50.2 (KHTML, like Gecko) Version/4.0.5 Mobile/8B114 Safari/6533.50.2",September,Political may source mean task yeah wind. Artist either try everyone forward. Soon these particularly compare statement method chance.,aaronwallace@example.org,35162,https://www.carr.com/,Bobby Sanchez,False,OR,6e266d7c16ff782fbb5b95da3562c014,1-936779-90-0,Molly
51,California,p,82 uU,GVNHLzUbjYJGhYSNpgGZ,"Mozilla/5.0 (Windows; U; Windows NT 5.01) AppleWebKit/533.27.2 (KHTML, like Gecko) Version/5.1 Safari/533.27.2",April,Ever church suddenly book. Brother forget family under my nothing perhaps. Month explain strategy.,stephenslisa@example.net,63916,http://johns-garcia.org/wp-content/categories/app/about.html,Angela Chang,True,WA,1d1bef28b10dd289a45c1104436dbb74,0-9659107-4-1,Amy
52,Minnesota,q,79 uc,tStwipXMEgLUFvhRzIbf,"Mozilla/5.0 (Windows; U; Windows CE) AppleWebKit/531.31.1 (KHTML, like Gecko) Version/5.0.2 Safari/531.31.1",July,Everyone population agreement office college. Along across pressure two fill coach. Treatment cover study collection person yet we. Eight page wall himself sign describe car.,daniel61@example.net,87537,http://www.elliott.com/category/faq/,Lisa Anderson,True,TX,0c2110f0ac898f560470c1dad1d608de,1-878657-07-0,Kerri
53,Iowa,j,66 eg,ugMHJWXczSgAiYWwzKts,"Mozilla/5.0 (iPod; U; CPU iPhone OS 3_1 like Mac OS X; wae-CH) AppleWebKit/535.32.5 (KHTML, like Gecko) Version/3.0.5 Mobile/8B115 Safari/6535.32.5",August,Behavior specific west turn born suffer. Night guy in ten arm.,kylie89@example.com,18815,http://zavala-howard.biz/about.html,Jessica Ross,False,ID,bac1359aa796e88c0a73df69bd2b3c54,1-113-96992-X,Tracy
54,Tennessee,z,87 he,BNSEatulzwudXbpOffmr,"Mozilla/5.0 (iPod; U; CPU iPhone OS 4_0 like Mac OS X; ha-NG) AppleWebKit/532.32.3 (KHTML, like Gecko) Version/4.0.5 Mobile/8B117 Safari/6532.32.3",June,Call produce grow three win reduce similar. Professional various prove job.,smithanthony@example.org,19786,http://townsend-mckinney.com/main/category/tag/privacy.htm,Jim Brady,True,GA,0966de42fb576af341ebfe0733a2a10e,0-607-17626-1,Alexandra
55,Arkansas,l,84 xE,lMABWvddjueaqMvsLAwV,"Mozilla/5.0 (Macintosh; PPC Mac OS X 10_6_4 rv:5.0; crh-UA) AppleWebKit/535.46.2 (KHTML, like Gecko) Version/4.0.3 Safari/535.46.2",May,Have should PM option use draw. Difference game grow raise benefit.,sean91@example.com,30362,https://sanchez.biz/tag/main/faq/,Robert Whitaker,True,WV,3a66d5152c44100431246babd666c07b,1-877393-38-X,Rachel
56,New Mexico,x,44 XA,dCGaZsbLWjWXJbEDitxc,"Mozilla/5.0 (Windows; U; Windows NT 4.0) AppleWebKit/535.25.1 (KHTML, like Gecko) Version/4.0.3 Safari/535.25.1",January,Which interesting then town billion war center. Nice explain entire hope world.,kristinchavez@example.net,11043,https://sharp-long.biz/tags/tags/about/,Thomas Parker,True,MO,59628079c68454edc2a1a760f062693a,0-569-70837-0,Valerie
57,Alabama,e,89 dT,NfPErMWyxzzcwgBArCOl,"Mozilla/5.0 (Macintosh; U; PPC Mac OS X 10_12_0 rv:3.0; aa-DJ) AppleWebKit/534.14.4 (KHTML, like Gecko) Version/5.0.5 Safari/534.14.4",May,Cultural hair western think yard add future.,johnowen@example.com,20331,https://diaz.com/explore/post.html,Martin Schneider,True,NE,d8f52770fa15ec7dbfec2b6ecb272937,0-578-99829-7,Charlotte
58,Maine,x,95 yl,ivmfEUvlTNBDWPkuQAiM,"Mozilla/5.0 (Windows; U; Windows NT 4.0) AppleWebKit/534.4.1 (KHTML, like Gecko) Version/5.0.1 Safari/534.4.1",December,Arm couple something despite next. Me feel your pattern meeting.,powellstephanie@example.org,46539,http://www.parker-carter.net/privacy/,Christine May,True,NE,091cf5d34bc01b65ac0ca290a1c85ac6,1-72473-629-9,Danielle
59,Wisconsin,h,40 rn,YzKndpfAEjQokntpwJzX,"Mozilla/5.0 (Windows; U; Windows NT 5.0) AppleWebKit/532.29.5 (KHTML, like Gecko) Version/4.1 Safari/532.29.5",November,Say care resource. Two might half. Half great necessary instead establish various.,jonesjustin@example.org,42352,http://werner.net/category/,Ronald Williams,False,NC,00a589fbd66942514b4cbcc999a47c29,0-459-76523-X,Kathleen
60,Nevada,u,60 mN,MZfhomVQwbVTIFUxRkty,"Mozilla/5.0 (Windows; U; Windows NT 6.2) AppleWebKit/535.49.6 (KHTML, like Gecko) Version/4.0.1 Safari/535.49.6",April,Human physical sing yes practice whom. Hot hear free quality hit.,jmccoy@example.net,02910,https://www.alvarez.com/posts/post.htm,Daniel Fuentes,True,WY,dfc5a9b2e72fecf0c0529e105d6a4fc2,0-86722-138-0,Samantha
61,Texas,n,36 dh,ncYwedZWYBBFIjZWjNTL,"Mozilla/5.0 (Macintosh; Intel Mac OS X 10_8_8 rv:5.0; cs-CZ) AppleWebKit/531.25.6 (KHTML, like Gecko) Version/4.0.1 Safari/531.25.6",October,Card different professor. Above contain why lay.,joshuagray@example.com,63214,https://www.peters-gay.com/faq.jsp,Ashley Mendoza,False,OH,006a65a1e03d40957574ff84534f3199,0-665-50901-4,Dawn
62,Delaware,t,60 Pq,NUbJTPIwXrKrScyNkezt,"Mozilla/5.0 (Windows; U; Windows NT 4.0) AppleWebKit/534.39.5 (KHTML, like Gecko) Version/4.0.3 Safari/534.39.5",June,Scene catch form road.,sue11@example.org,87573,https://saunders-wade.biz/category/tags/index.html,Kristen Woods,False,NM,ffad58d18aa5ae8fe49d26ea509484e1,1-283-89859-4,Heather
63,Iowa,c,55 fu,AzFUkYmUdUnjqydBJHSx,"Mozilla/5.0 (Macintosh; U; Intel Mac OS X 10_7_7 rv:3.0; ha-NG) AppleWebKit/535.17.1 (KHTML, like Gecko) Version/4.1 Safari/535.17.1",October,Case we around stand right network important country. Job now law could. City kid prove bar son whole.,nataliemckay@example.com,20003,http://jenkins.com/tags/categories/explore/index/,Jason Phelps,False,TN,d3543320747a8b62c3390abe9d9841ea,0-480-18914-5,Mariah
64,North Dakota,z,96 Sp,ZJlmCiEwDXGoFWcAByAi,"Mozilla/5.0 (Windows; U; Windows NT 4.0) AppleWebKit/534.36.7 (KHTML, like Gecko) Version/5.1 Safari/534.36.7",September,Hospital measure allow political again standard. Least everybody professional task those imagine. Pull coach fill mind man central yet bed.,mooreleah@example.net,95973,http://www.colon.net/app/about.asp,Suzanne Henry,True,WY,8c555ce8584d946f132e4d375b89e636,0-03-178163-2,Elizabeth
65,Iowa,c,86 WY,ANNIWjZIZqXnPJXeBoKt,"Mozilla/5.0 (iPod; U; CPU iPhone OS 3_1 like Mac OS X; kn-IN) AppleWebKit/531.21.6 (KHTML, like Gecko) Version/3.0.5 Mobile/8B118 Safari/6531.21.6",July,Out boy trial agree officer. Image quite police that.,onunez@example.com,03716,https://valdez.com/app/list/author/,Jessica Sims,False,NM,54d7b4438fe33b6a159d8689c21256a6,0-272-33819-2,Nicole
66,Virginia,t,54 St,GgVvAOqStKvEIUkgIntD,"Mozilla/5.0 (Macintosh; Intel Mac OS X 10_9_7 rv:4.0; is-IS) AppleWebKit/534.34.4 (KHTML, like Gecko) Version/5.1 Safari/534.34.4",May,Last society debate happen. Inside turn loss blue case mean appear.,simscynthia@example.net,73301,http://barnett.com/login.htm,Johnathan Nguyen,False,MS,9ec56c0288ba01a6006e90644145c979,1-237-25962-2,Holly
67,Tennessee,i,61 Xz,fbcwEzdecXowffjsTYvE,"Mozilla/5.0 (Windows; U; Windows NT 6.0) AppleWebKit/531.36.7 (KHTML, like Gecko) Version/4.0.2 Safari/531.36.7",October,History century ball plant. Actually prove local field.,kara57@example.com,29440,http://www.randolph-shelton.com/,Adriana Riley,False,DE,8df134ee657d5f13099c5f0d01ed35c0,1-269-06378-2,Elizabeth
68,North Carolina,v,44 JP,pcHrrBQJSbsoAPUdQIyX,"Mozilla/5.0 (Macintosh; U; PPC Mac OS X 10_8_5 rv:3.0; lzh-TW) AppleWebKit/534.20.7 (KHTML, like Gecko) Version/5.0.3 Safari/534.20.7",December,Catch voice within back peace.,matthewpage@example.com,73124,https://www.munoz.org/author.html,Kaitlyn Anderson,False,NY,bc04c0c3dd25a9e2bcc18ae472ee69c5,1-4853-8740-X,Nicole
69,Maryland,x,69 XC,sBubgiixJAoYMzqNQMNx,"Mozilla/5.0 (iPod; U; CPU iPhone OS 4_1 like Mac OS X; lv-LV) AppleWebKit/531.46.1 (KHTML, like Gecko) Version/4.0.5 Mobile/8B118 Safari/6531.46.1",March,Better building yourself forward the. Daughter note set some hundred stop project. Rule between carry head. However grow decade over direction.,jbaird@example.org,03506,http://www.campbell-baker.com/,Ashley Green,True,HI,32198bc4157c9571ce2235a8044b21f4,0-14-941413-7,Angela
70,Virginia,w,04 dR,JeQWfkndMVzVdXNkwYSC,"Mozilla/5.0 (Windows; U; Windows 95) AppleWebKit/535.28.5 (KHTML, like Gecko) Version/4.0 Safari/535.28.5",March,Toward wear treatment which full them decide. Moment order despite meet eight.,kevinwiley@example.org,20038,http://york.com/main/main/explore/home.jsp,Jesse Adams,False,SD,fe4da85ae32caafa3488064349e68708,0-01-313628-3,Joanne
71,Wyoming,y,70 TY,tbIJQvUHIFIOXYRHDuGK,"Mozilla/5.0 (iPod; U; CPU iPhone OS 4_2 like Mac OS X; ln-CD) AppleWebKit/531.39.6 (KHTML, like Gecko) Version/3.0.5 Mobile/8B111 Safari/6531.39.6",August,Mother control artist might. Officer last listen lay share sort.,alexis24@example.org,29187,https://clarke.com/homepage/,Alexander Lloyd,True,AL,60ef11fdb76d4ad9f708dab42b85a149,0-13-609377-9,Jessica
72,North Dakota,s,66 Lf,GCdXKfxEiSmzfTSqzNVi,"Mozilla/5.0 (Macintosh; U; PPC Mac OS X 10_11_5 rv:2.0; et-EE) AppleWebKit/532.38.5 (KHTML, like Gecko) Version/5.0 Safari/532.38.5",November,Military all service amount society. Final event stand. Yet nor price.,jenniferjohnson@example.net,88249,https://thomas.com/main/blog/search/register.htm,Faith Yates,True,MT,b6ebbbfb1f0aea8d6cd44382c1b0951f,1-57319-708-4,Danielle
73,Mississippi,y,01 rk,hxhaXOmIRrTgCKLlcMZh,"Mozilla/5.0 (Windows; U; Windows 95) AppleWebKit/535.39.6 (KHTML, like Gecko) Version/5.0 Safari/535.39.6",December,Store daughter program night lead movement usually left. Him write low too exactly bill they despite. Fish time dog go able room. Medical style car part bill speech let free.,marcia03@example.org,54953,http://www.smith.com/category.php,James Clark,False,NM,c6c61fdea9cc90c07b03aa11ee62bdb9,1-4530-7119-9,Jessica
74,Utah,w,58 zk,GLjZUFXsppDMJAlGgcli,"Mozilla/5.0 (iPod; U; CPU iPhone OS 4_0 like Mac OS X; sw-TZ) AppleWebKit/533.31.6 (KHTML, like Gecko) Version/4.0.5 Mobile/8B112 Safari/6533.31.6",August,None customer somebody dinner read more particular. Get forget city rest yet office. Alone firm stock place enjoy me hard could.,alvaradomichelle@example.org,89656,https://becker-cox.com/search/main/category/faq/,Philip Wright,False,OR,7f5b4fdbd0a4d4e1c78d217707f07e2f,0-01-570648-6,Patricia
75,North Dakota,v,69 vL,nmfBQdrCPokURpNHBEwx,"Mozilla/5.0 (Windows; U; Windows NT 6.1) AppleWebKit/534.11.1 (KHTML, like Gecko) Version/5.1 Safari/534.11.1",February,Even maintain international low wide. Nor view education tax. Shoulder measure son life sister exist nation.,ghoward@example.net,25664,http://www.miller-peters.org/,Vanessa Sanchez,False,WA,488408776d685822d17572f3115f587c,0-411-51914-X,Leslie
76,Vermont,h,22 Bq,cnlDidjRSOrjpXFrRRfn,"Mozilla/5.0 (Windows; U; Windows NT 5.2) AppleWebKit/532.33.1 (KHTML, like Gecko) Version/4.0 Safari/532.33.1",July,Far three service power oil people. Too teach art bring majority high. Build shake win audience yeah modern heart.,dominguezmelinda@example.org,20041,https://www.nielsen.info/tags/index.php,Rachel Edwards,True,WV,fd68d661b3fa08124d5444bb639d0a81,1-159-04843-6,Amber
77,Maine,a,48 Ed,EMztcShevEjDFiJwNaSM,"Mozilla/5.0 (iPod; U; CPU iPhone OS 4_0 like Mac OS X; gv-GB) AppleWebKit/534.1.1 (KHTML, like Gecko) Version/4.0.5 Mobile/8B117 Safari/6534.1.1",October,Tell in property community manage themselves board. Through yourself condition turn garden option describe.,holly12@example.org,83518,https://www.burch.com/category/search/,Kaitlyn Bell,False,OK,b6c7833787fe4aa03c094d9174695267,1-06-219823-9,Robin
78,South Dakota,e,23 YA,dEYSZdsOrkbvSqokPQiH,"Mozilla/5.0 (Macintosh; PPC Mac OS X 10_7_2 rv:3.0; kn-IN) AppleWebKit/535.41.1 (KHTML, like Gecko) Version/4.1 Safari/535.41.1",December,Staff where central smile garden half husband. Still red allow against decade relate.,kennethrodriguez@example.net,20041,https://coleman.biz/posts/wp-content/search/,Rachael Jones,False,TN,34701fe515fec5b299fb3464bd4be19c,0-13-744001-4,Laura
79,Connecticut,f,82 OK,OHcnMASdHynMYVwVCLvs,"Mozilla/5.0 (iPod; U; CPU iPhone OS 3_0 like Mac OS X; nan-TW) AppleWebKit/534.47.3 (KHTML, like Gecko) Version/4.0.5 Mobile/8B119 Safari/6534.47.3",November,Former should wall wind list cell. Enter name build put unit forward.,anthonybridges@example.net,27041,https://hayden-montes.com/category/app/blog/register/,Donna Hurst,False,WY,01dca5c7180bf4847a263c9962c97f2b,0-592-71436-5,Tara
80,New Mexico,b,00 tT,nRaJmfXxNdzkJvvFasvM,"Mozilla/5.0 (Macintosh; Intel Mac OS X 10_6_1 rv:4.0; es-DO) AppleWebKit/535.26.5 (KHTML, like Gecko) Version/5.0 Safari/535.26.5",August,For term government nation. Quality player drop letter.,robertnelson@example.net,59690,http://martin.info/explore/privacy.htm,Joshua Johnson,True,CT,9823b4fa8af8b38ceae82bcbe354d5da,1-65407-923-5,Cassandra
81,Wisconsin,l,38 RQ,LGPpjmNLCrxKXtmPxFKC,"Mozilla/5.0 (Macintosh; PPC Mac OS X 10_5_2 rv:4.0; ti-ER) AppleWebKit/533.19.6 (KHTML, like Gecko) Version/5.0 Safari/533.19.6",September,Station special occur should friend place explain. Republican remain listen person keep until. Business either weight defense let test thousand certain.,blee@example.com,20331,https://crosby.com/wp-content/blog/terms/,Kenneth Smith,False,MS,502d8687e779a312350b7d4dfdc36717,1-03-992413-1,Dana
82,South Dakota,p,77 WI,FpJssQUESdIxBlJIzxgA,"Mozilla/5.0 (Windows; U; Windows CE) AppleWebKit/531.1.6 (KHTML, like Gecko) Version/5.0.5 Safari/531.1.6",February,Man middle herself space foot federal hard. Produce somebody radio response. Land yeah story hair require.,jared51@example.com,73301,http://garza.biz/,Brian Larson,False,ND,f68a6d53c888ec145a4149271c9f59db,1-08-925208-0,Patricia
83,Nebraska,w,76 Vc,ZsRCjXvRGBAfEPdPAlaj,"Mozilla/5.0 (Windows; U; Windows 95) AppleWebKit/534.16.5 (KHTML, like Gecko) Version/4.0.1 Safari/534.16.5",November,Say discover others. To surface cultural include. Response one music strong large imagine determine.,kimberlykramer@example.com,36793,http://russell.com/category.html,Eric Foster,True,NH,3a55296e75c8eb3e64538ce974331c65,1-56286-723-7,Erica
84,Ohio,s,46 UN,bVAcrsnIdobSXsYwCpqI,"Mozilla/5.0 (Macintosh; U; PPC Mac OS X 10_12_3 rv:6.0; unm-US) AppleWebKit/533.38.6 (KHTML, like Gecko) Version/5.0.4 Safari/533.38.6",December,Fact example thank culture war. Example on kitchen public oil always help. Talk floor pay line particularly pressure.,jortiz@example.org,68032,http://www.gallagher.net/search.html,Robin Frazier,True,WA,86958defeea165094fccee8e314306e8,1-02-715215-5,Cynthia
85,North Carolina,u,03 PI,qzuKcdVLxpUOdPaNJPQl,"Mozilla/5.0 (Macintosh; PPC Mac OS X 10_11_9 rv:4.0; nb-NO) AppleWebKit/531.48.6 (KHTML, like Gecko) Version/5.0.1 Safari/531.48.6",December,Summer explain benefit. Computer none what exactly should effort.,bensonshelley@example.com,29812,https://www.giles-owens.com/register.asp,Eric Rush,False,ND,8ff4756743ea123795208f3b98a10b3c,1-4615-3670-7,Emily
86,Wyoming,u,94 rJ,RCEZqzDZhhALAcFfVYfz,"Mozilla/5.0 (Windows; U; Windows 98) AppleWebKit/533.34.2 (KHTML, like Gecko) Version/4.1 Safari/533.34.2",September,Thing bar section line price. Lose worker although born stuff. Economic position military service reach least.,michellemendoza@example.org,62915,http://stewart.com/about.html,Alyssa Jackson,False,ID,c10aebfe75a4f00164ba7db7074bfee9,0-676-09323-X,Melissa
87,Arizona,o,74 zI,cbnfGlUVkNUJlcsnRPJz,"Mozilla/5.0 (iPod; U; CPU iPhone OS 4_2 like Mac OS X; wo-SN) AppleWebKit/535.12.7 (KHTML, like Gecko) Version/4.0.5 Mobile/8B118 Safari/6535.12.7",May,End picture third especially series growth history.,nancy89@example.com,03256,https://hall.com/homepage/,Michael Mcdonald,True,RI,e1b03205609014de98921f3c90c0670f,1-936345-84-6,Amy
88,Wisconsin,m,18 Sr,JMSieFilpecXPIejrKIL,"Mozilla/5.0 (iPod; U; CPU iPhone OS 4_3 like Mac OS X; gl-ES) AppleWebKit/534.47.2 (KHTML, like Gecko) Version/4.0.5 Mobile/8B117 Safari/6534.47.2",January,Must conference soon space already field oil. Thought down could. Opportunity many movie impact able writer talk.,velezalbert@example.org,02712,http://cunningham-sullivan.com/,Kristen Sanders,True,ND,fe19927cba17184164b257045f226618,1-75578-298-5,Lori
89,West Virginia,b,80 gQ,NCbYmSFMZQVPKPTjrXUy,"Mozilla/5.0 (Macintosh; Intel Mac OS X 10_8_3 rv:2.0; ik-CA) AppleWebKit/534.19.6 (KHTML, like Gecko) Version/4.0.3 Safari/534.19.6",May,Hotel full parent them miss way military.,jonesrebecca@example.com,29338,https://gray.net/register/,Donald Collins,False,VT,931f0c2e1bad12968cf18eeacb112f18,1-5053-6302-0,Krystal
90,Hawaii,u,13 ow,GiBeaCLmSCoXbuWsMJTZ,"Mozilla/5.0 (Windows; U; Windows 95) AppleWebKit/533.13.7 (KHTML, like Gecko) Version/5.0.3 Safari/533.13.7",August,List risk six stay drug old stand trouble. Short who successful heart wrong gun hit. Strategy soldier space myself.,ccaldwell@example.org,32861,https://www.long.com/,Joshua Sanchez,False,SC,1bdd54740802965490f9cfadd25e6397,0-446-31852-3,Julie
91,Nebraska,m,06 Fh,RxUNxqlLiNPmxNtBwlyJ,"Mozilla/5.0 (Macintosh; U; PPC Mac OS X 10_10_1 rv:6.0; ml-IN) AppleWebKit/531.5.6 (KHTML, like Gecko) Version/4.0.1 Safari/531.5.6",September,Why before season investment surface their property car. You cause white. Before goal responsibility here.,burkejames@example.net,73301,http://www.floyd.biz/privacy/,Angela Wolfe,True,CO,690d438188e0567c749b65f2cbc58f16,0-11-761366-5,Kristi
92,Utah,d,43 ba,nWspTmgwwnCpLsckMdep,"Mozilla/5.0 (iPod; U; CPU iPhone OS 3_2 like Mac OS X; lo-LA) AppleWebKit/531.22.1 (KHTML, like Gecko) Version/4.0.5 Mobile/8B116 Safari/6531.22.1",February,Officer call people dinner newspaper. Management want drop paper blue middle whose lay. End standard too past. Able everyone gun loss item.,connorclay@example.net,30597,http://contreras-thomas.net/search.html,Joyce Taylor,True,FL,928f359344a2863773a8b80b41329f87,1-5103-3714-8,Patricia
93,Mississippi,p,15 dJ,VCSKyWxuKJHIHpoyOzIb,"Mozilla/5.0 (iPod; U; CPU iPhone OS 4_3 like Mac OS X; rw-RW) AppleWebKit/533.46.6 (KHTML, like Gecko) Version/3.0.5 Mobile/8B114 Safari/6533.46.6",July,Another technology performance people. Trip work above realize wife drug.,uvaldez@example.com,16736,http://www.blackwell.org/category/,Emily Reed,False,OR,f6d287b682bc6b70f53288ef93ea3c9b,1-998215-23-7,Jaime
94,New Jersey,h,06 xk,lUYkmLxmIleeRCUdHIgH,"Mozilla/5.0 (iPod; U; CPU iPhone OS 3_0 like Mac OS X; ayc-PE) AppleWebKit/532.42.6 (KHTML, like Gecko) Version/4.0.5 Mobile/8B112 Safari/6532.42.6",November,Make role job east together us loss friend. Network indeed common thus method.,daisygonzales@example.net,57149,https://alvarez.com/about/,Michelle Hoover,True,AZ,7465bfbdc01f3f4247a665f4e860633b,0-09-865799-2,Linda
